List,Sight Word,Read,Spelled
Higher Frequency (Starred),I,,
Higher Frequency (Starred),to/do,,
Higher Frequency (Starred),of,,
Higher Frequency (Starred),the,,
Higher Frequency (Starred),was,,
Higher Frequency (Starred),you/your,,
Higher Frequency (Starred),are,,
Higher Frequency (Starred),they,,
Higher Frequency (Starred),one/none/done,,
Higher Frequency (Starred),gone,,
Higher Frequency (Starred),have/give/live,,
Higher Frequency (Starred),they're,,
Higher Frequency (Starred),from,,
Higher Frequency (Starred),their,,
Higher Frequency (Starred),two,,
Higher Frequency (Starred),who/whom,,
Higher Frequency (Starred),any/many,,
Higher Frequency (Starred),too,,
Higher Frequency (Starred),were,,
Higher Frequency (Starred),what,,
Higher Frequency (Starred),said/says,,
Higher Frequency (Starred),some/come,,
Higher Frequency (Starred),here/there/where,,
Higher Frequency (Starred),very,,
Higher Frequency (Starred),only,,
Higher Frequency (Starred),great,,
Higher Frequency (Starred),word/work/world,,
Higher Frequency (Starred),people,,
Higher Frequency (Starred),does/goes,,
Higher Frequency (Starred),put,,
Higher Frequency (Starred),much/such,,
Higher Frequency (Starred),other /m/an/br,,
Higher Frequency (Starred),would /c/ should,,
Higher Frequency (Starred),because,,
Higher Frequency (Starred),don't/won't,,
Higher Frequency (Starred),move/prove,,
Higher Frequency (Starred),every,,
Higher Frequency (Starred),through,,
Higher Frequency (Starred),answer,,
Higher Frequency (Starred),once,,
Higher Frequency (Starred),four,,
Higher Frequency (Starred),eye,,
Higher Frequency (Starred),sure,,
Higher Frequency (Starred),love /sh/d/gl/ above,,
Higher Frequency (Starred),father,,
Higher Frequency (Starred),thought,,
Higher Frequency (Starred),often,,
Higher Frequency (Starred),walk/talk,,
Higher Frequency (Starred),both/most,,
Higher Frequency (Starred),friend (s),,
Higher Frequency (Starred),door/floor,,
Higher Frequency (Starred),during,,
Higher Frequency (Starred),busy,,
Higher Frequency (Starred),tough /r/ enough,,
Higher Frequency (Starred),usual (ly),,
Higher Frequency (Starred),again/against,,
Higher Frequency (Starred),listen/glisten,,
Higher Frequency (Starred),money,,
Higher Frequency (Starred),month/front,,
Higher Frequency (Starred),February,,
Higher Frequency (Starred),minute (s),,
Higher Frequency (Starred),isle/island,,
Higher Frequency (Starred),Monday,,
Higher Frequency (Starred),Tuesday,,
Higher Frequency (Starred),Wednesday,,
Higher Frequency (Starred),nothing,,
Higher Frequency (Starred),ocean,,
Higher Frequency (Starred),though/although,,
Higher Frequency (Starred),full/pull/bull,,
Higher Frequency (Starred),somebody,,
Higher Frequency (Starred),build/built,,
Higher Frequency (Starred),among,,
Higher Frequency (Starred),language,,
Higher Frequency (Starred),government,,
Lower Frequency (Unstarred),son,,
Lower Frequency (Unstarred),buy/guy,,
Lower Frequency (Unstarred),lose/whose,,
Lower Frequency (Unstarred),which,,
Lower Frequency (Unstarred),push/bush,,
Lower Frequency (Unstarred),won't/don't,,
Lower Frequency (Unstarred),heart/hearth,,
Lower Frequency (Unstarred),shoe,,
Lower Frequency (Unstarred),laugh,,
Lower Frequency (Unstarred),clothes,,
Lower Frequency (Unstarred),pretty,,
Lower Frequency (Unstarred),beautiful,,
Lower Frequency (Unstarred),blood/flood,,
Lower Frequency (Unstarred),sugar,,
Lower Frequency (Unstarred),woman/women,,
Lower Frequency (Unstarred),aunt,,
Lower Frequency (Unstarred),receive/receipt,,
Lower Frequency (Unstarred),business,,
Lower Frequency (Unstarred),view,,
Lower Frequency (Unstarred),toward,,
Lower Frequency (Unstarred),bury,,
Lower Frequency (Unstarred),dozen,,
Lower Frequency (Unstarred),oven,,
Lower Frequency (Unstarred),drawer,,
Lower Frequency (Unstarred),temperature,,
Lower Frequency (Unstarred),whole,,
Lower Frequency (Unstarred),tongue,,
Lower Frequency (Unstarred),doubt,,
Lower Frequency (Unstarred),almond,,
Lower Frequency (Unstarred),orange,,
Lower Frequency (Unstarred),sandwich,,
Lower Frequency (Unstarred),khaki,,
Lower Frequency (Unstarred),mauve,,
Lower Frequency (Unstarred),chocolate,,
Lower Frequency (Unstarred),muscle,,
Lower Frequency (Unstarred),choir,,
Lower Frequency (Unstarred),gross,,
Lower Frequency (Unstarred),foreign,,
Lower Frequency (Unstarred),cupboard,,
Lower Frequency (Unstarred),licorice,,
Lower Frequency (Unstarred),kayak,,
Lower Frequency (Unstarred),canoe,,
Lower Frequency (Unstarred),either/neither,,
Lower Frequency (Unstarred),fasten,,
Lower Frequency (Unstarred),aisle,,
Lower Frequency (Unstarred),height/sleight,,
Lower Frequency (Unstarred),straight,,
Lower Frequency (Unstarred),pigeon,,
Lower Frequency (Unstarred),penguin,,
Lower Frequency (Unstarred),Celsius,,
Lower Frequency (Unstarred),anxious,,
Lower Frequency (Unstarred),thorough,,
Lower Frequency (Unstarred),ache,,
Lower Frequency (Unstarred),broad/abroad,,
Lower Frequency (Unstarred),suite,,
Lower Frequency (Unstarred),plaid,,
Lower Frequency (Unstarred),sew,,
Lower Frequency (Unstarred),vacuum,,
Lower Frequency (Unstarred),debt,,
Lower Frequency (Unstarred),cough,,
Lower Frequency (Unstarred),iron,,
Lower Frequency (Unstarred),folk(s),,
Lower Frequency (Unstarred),wolf,,
Lower Frequency (Unstarred),yacht,,
Lower Frequency (Unstarred),sword,,
Lower Frequency (Unstarred),senior,,
Lower Frequency (Unstarred),route,,
Lower Frequency (Unstarred),mirror,,
Lower Frequency (Unstarred),subtle,,
Lower Frequency (Unstarred),coyote,,
Lower Frequency (Unstarred),raspberry,,
Lower Frequency (Unstarred),cushion,,
Lower Frequency (Unstarred),butcher,,
Lower Frequency (Unstarred),lawyer,,
Lower Frequency (Unstarred),soldier,,
Lower Frequency (Unstarred),conscious,,
Lower Frequency (Unstarred),conscience,,
Lower Frequency (Unstarred),gnu,,
Lower Frequency (Unstarred),czar,,
Lower Frequency (Unstarred),tomb,,
Lower Frequency (Unstarred),pint,,
Lower Frequency (Unstarred),buoy,,
Lower Frequency (Unstarred),acre,,
Lower Frequency (Unstarred),gauge,,
Lower Frequency (Unstarred),bough/plough,,
Lower Frequency (Unstarred),asthma,,
Lower Frequency (Unstarred),brooch,,
Lower Frequency (Unstarred),suave,,
Lower Frequency (Unstarred),debris,,
Lower Frequency (Unstarred),depot,,
Lower Frequency (Unstarred),trough,,
Lower Frequency (Unstarred),sieve,,
Lower Frequency (Unstarred),cordial,,
Lower Frequency (Unstarred),bologna,,
Lower Frequency (Unstarred),leopard/jeopardy,,
Lower Frequency (Unstarred),phlegm,,
Lower Frequency (Unstarred),mortgage,,
Lower Frequency (Unstarred),nuisance,,
Lower Frequency (Unstarred),Fahrenheit,,
Lower Frequency (Unstarred),colonel,,
Lower Frequency (Unstarred),sergeant,,
Lower Frequency (Unstarred),lieutenant,,
Lower Frequency (Unstarred),meringue,,
Lower Frequency (Unstarred),xylophone,,
